Age (years),Income (USD),Height (cm),Weight (kg)
62.0,26921,178.0,61
18.0,58804,184.0,96
21.0,87699,150.0,68
21.0,90608,150.0,77
57.0,57619,186.0,50
27.0,27877,155.0,64
37.0,21871,174.66666666666666,85
39.0,93135,190.0,62
36.0,22496,167.0,92
41.0,67954,165.0,70
24.0,44675,174.66666666666666,61
42.0,51921,191.0,54
42.0,20797,192.0,56
30.0,69811,181.0,54
19.0,88755,151.0,97
0.0,72489,151.0,53
57.0,61504,189.0,62
41.0,69866,191.0,86
64.0,31723,185.0,90
42.0,63890,188.0,64
